SET IDENTITY_INSERT BANNER ON 
INSERT BANNER (id,date,filename,status,title) VALUES (1, '2019-03-19', 'slide1.jpg', 'ACTIVE', 'Kong')
INSERT BANNER (id,date,filename,status,title) VALUES (2, '2019-03-19', 'slide2.jpg', 'INACTIVE', 'La Bella y La Bestia')
INSERT BANNER (id,date,filename,status,title) VALUES (3, '2019-03-19', 'slide3.jpg', 'ACTIVE', 'Spiderman')
INSERT BANNER (id,date,filename,status,title) VALUES (4, '2019-03-19', 'slide4.jpg', 'ACTIVE', 'Cars')
INSERT BANNER (id,date,filename,status,title) VALUES (5, '2019-03-21', 'slide5.jpg', 'ACTIVE', 'Star Wars')
SET IDENTITY_INSERT BANNER OFF

SET IDENTITY_INSERT NEWS ON
INSERT INTO NEWS (id,title,publicationDate,detail,status) VALUES (1,'La Liga de la Justicia','2017-09-01','El estreno en cines de la película "La Liga de la Justicia" se presenta como uno de los de mayor interés dentro del género de superhéroes de cómic','ACTIVE');
INSERT INTO NEWS (id,title,publicationDate,detail,status) VALUES (2,'Star Wars Episodio 8','2017-09-01','Llega un nuevo cartel de la película "Star Wars Episodio 8". Con dos de sus personajes principales. Kylo y Rey, interpretados por Adam Driver y Daisy Ridl','ACTIVE');
INSERT INTO NEWS (id,title,publicationDate,detail,status) VALUES (3,'Blade Runner 2','2017-09-01','La actriz Robin Wright es una de las novedades más llamativas dentro del argumento de la secuela de Blade Runner.','ACTIVE');
INSERT INTO NEWS (id,title,publicationDate,detail,status) VALUES (4,'Rocky Creed 2','2017-09-01','El proceso de rodaje de la película "Rocky Creed 2" comenzó hace unos días. Ahora podemos ver el nuevo e impactante aspecto de Sylvester Stallone','INACTIVE');
INSERT INTO NEWS (id,title,publicationDate,detail,status) VALUES (5,'Hellboy 3','2017-09-02','Con el rodaje de la película "Hellboy 3" a punto de dar comienzo, es el momento de ver la primera sinopsis del filme protagonizado por el actor David Harb','INACTIVE');
INSERT INTO NEWS (id,title,publicationDate,detail,status) VALUES (6,'Indiana Jones 5','2017-09-02','Hace unos meses se barajaba la posibilidad de que el actor Shia LaBeouf regresara, al menos a modo de cameo, a la saga Indiana Jones en su quinta entrega. ','ACTIVE');
INSERT INTO NEWS (id,title,publicationDate,detail,status) VALUES (7,'Aquaman','2017-09-02','El futuro del universo DC se basa en gran medida gracias a títulos como "Aquaman". ','ACTIVE');
INSERT INTO NEWS (id,title,publicationDate,detail,status) VALUES (8,'Thor 3','2017-09-02','Continúan las novedades de la película de Marvel "Thor 3 Ragnarok". Ahora con un cartel de Hulk, personaje de gran relevancia en la tercera entrega ','INACTIVE');
INSERT INTO NEWS (id,title,publicationDate,detail,status) VALUES (9,'Los Vengadores 4','2017-09-03','Karen Gillan comparte vistazo de rodaje desde la tercera y cuarta película','ACTIVE');
INSERT INTO NEWS (id,title,publicationDate,detail,status) VALUES (10,'Star Wars Han Solo','2017-09-03','Primera imagen de de Paul Bettany en el rodaje','ACTIVE');
INSERT INTO NEWS (id,title,publicationDate,detail,status) VALUES (11,'Escuadrón Suicida 2','2017-09-03','Margot Robbie confirma el rodaje para principios de 2018','ACTIVE');
INSERT INTO NEWS (id,title,publicationDate,detail,status) VALUES (12,'La Guerra del Planeta de los Simios','2017-09-04','La película de ciencia ficción "La Guerra del Planeta de los Simios" se sitúa en la carrera hacia los Oscar 2018 de Hollywood.','INACTIVE');
INSERT INTO NEWS (id,title,publicationDate,detail,status) VALUES (13,'Maléfica 2','2017-09-04','El proyecto de "Maléfica 2" cobra nueva vida con la llegada de Jez Butterworth para ocuparse de la nueva versión del guión. ','ACTIVE');
INSERT INTO NEWS (id,title,publicationDate,detail,status) VALUES (14,'Top Gun 2','2017-09-04','La película "Top Gun 2" retrasa su estreno en cines. Todo tras el cambio de guionista dentro de la producción protagonizada por Tom Cruise. ','ACTIVE');
INSERT INTO NEWS (id,title,publicationDate,detail,status) VALUES (15,'American Made','2017-09-04','El actor Tom Cruise encabeza los estrenos de cine del fin de semana con la cinta American Made','ACTIVE');
INSERT INTO NEWS (id,title,publicationDate,detail,status) VALUES (16,'Ant Man 2','2017-09-04','Llega la primera imagen oficial de la película "Ant Man 2" con la actriz Evangeline Lilly con el traje de la Avispa en la secuela de Marvel','ACTIVE');
INSERT INTO NEWS (id,title,publicationDate,detail,status) VALUES (17,'Secret Service 2','2017-09-05','Llega un nuevo vídeo de la película de acción "Secret Service 2". Contando con un buen número de escenas inéditas de la adaptación de la obra de Mark','INACTIVE');
INSERT INTO NEWS (id,title,publicationDate,detail,status) VALUES (18,'El Otro Guardaespaldas','2017-09-06','Confirma su éxito en los Estados Unidos repitiendo en lo más alto de la taquilla','ACTIVE');
INSERT INTO NEWS (id,title,publicationDate,detail,status) VALUES (19,'Valerian','2017-09-06','Lidera la taquilla de cine en España en su estreno','INACTIVE');
INSERT INTO NEWS (id,title,publicationDate,detail,status) VALUES (20,'Madre','2017-09-06','La película "Madre", dirigida por el cineasta Darren Aronofsky y protagonizada por Jennifer Lawrence y Javier Bardem, llega ahora con su cartel final','ACTIVE');
INSERT INTO NEWS (id,title,publicationDate,detail,status) VALUES (21,'Tony Gilroy dirigirá Matusalén','2017-09-07','Warner Bros. Pictures ha iniciado las negociaciones con Tony Gilroy (High Wire Act) para que escriba y dirija un thriller conocido hasta el momento como Methuselah.','ACTIVE');
INSERT INTO NEWS (id,title,publicationDate,detail,status) VALUES (22,'Guionista para Maléfica 2','2017-09-07','Disney Pictures ha contratado a Jez Butterworth ( I Feel Good) para que re-escriba el guión de la secuela de Maléfica.','ACTIVE');
INSERT INTO NEWS (id,title,publicationDate,detail,status) VALUES (23,'Jon Bernthal se une a First Man','2017-09-07','Jon Bernthal (Baby Driver) se pondrá a las órdenes de Damien Chazelle en la película de Universal Pictures y Amblin Entertainment First Man.','INACTIVE');
INSERT INTO NEWS (id,title,publicationDate,detail,status) VALUES (24,'Barry Seal: El traficante','2017-09-07','El proximo mes se estrena la pelicula Barry Seal: El traficante. Nuevamente veremos a Tom Cruise.','ACTIVE');
INSERT INTO NEWS (id,title,publicationDate,detail,status) VALUES (25,'Ben Affleck podría dirigir Red Platoon','2017-09-08','Ben Affleck (Liga de la justicia) ha iniciado las conversaciones con Sony Pictures, Immersive Pictures y Smokehouse Pictures para dirigir el drama bélico Red Platoon.','ACTIVE');
INSERT INTO NEWS (id,title,publicationDate,detail,status) VALUES (26,'Disney prepara una película sobre Obi-Wan Kenobi','2017-09-08','Disney y Lucasfilm está preparando un nuevo spin-off de Star Wars, esa vez centrado en el personaje de Obi-Wan Kenobi.','INACTIVE');
INSERT INTO NEWS (id,title,publicationDate,detail,status) VALUES (27,'Primer vistazo a Cable y Domino en Deadpool 2','2017-09-08','Se han publicado en las redes sociales las primeras fotografías de Zazie Beetz en el papel de Neena Thurman / Domino y Josh Brolin como Cable en la esperada Deadpool 2.','ACTIVE');
INSERT INTO NEWS (id,title,publicationDate,detail,status) VALUES (28,'Pedro Pascal se une a The Equalizer 2','2017-09-08','Pedro Pascal (La Gran Muralla) participará en la secuela de la película de Sony Pictures The Equalizer: El Protector.','ACTIVE');
INSERT INTO NEWS (id,title,publicationDate,detail,status) VALUES (29,'Más reparto para Skyscraper','2017-09-08','Chin Han (Ghost In the Shell) acompañará a Dwayne Johnson en el thriller de acción de Legendary Skyscraper.','INACTIVE');
INSERT INTO NEWS (id,title,publicationDate,detail,status) VALUES (30,'Fecha para Wonder Woman 2','2017-09-08','Warner Bros. Pictures ha puesto fecha de estreno a la secuela de Wonder Woman, que volverá a estar protagonizada por Gal Gadot en el papel de la famosa heroína.','ACTIVE');
SET IDENTITY_INSERT NEWS OFF

SET IDENTITY_INSERT MOVIE_DETAILS ON
INSERT INTO MOVIE_DETAILS (id, director, actors, synopsis, trailer) VALUES (1,'Jordan Vogt-Roberts','Samuel L. Jackson,Tom Hiddleston,Brie Larson,Toby Kebbell','Kong: La Isla Calavera reimagina el origen del mítico Kong en una irresistible aventura original del director Jordan Vogt-Roberts. En la película, un diverso equipo de exploradores es reunido para aventurarse en el interior de una isla del Pacífico —tan bella como traicionera— que no aparece en los mapas, sin saber que están invadiendo los dominios del mítico Kong.','https://www.youtube.com/embed/86jhW2gPc84'),(2,'Daniel Espinosa','Jake Gyllenhaal, Ryan Reynolds, Rebecca Ferguson','Seis miembros de la tripulación de la Estación Espacial Internacional que están a punto de lograr uno de los descubrimientos más importantes en la historia humana: la primera evidencia de vida extraterrestre en Marte. A medida que el equipo comienza a investigar y sus métodos tienen consecuencias inesperadas, la forma viviente demostrará ser más inteligente de lo que cualquiera esperaba.','https://www.youtube.com/embed/_cq1XIVXdjU'),(3,'Bill Condon','Dan Stevens,Emma Watson,Luke Evans','LA BELLA Y LA BESTIA, de Disney, es una adaptación de acción real de la película animada, que revive a los queridos personajes del clásico cuento de Disney para una audiencia contemporánea, manteniendo la música original e incorporando varias nuevas canciones.','https://www.youtube.com/embed/4D8N06nx9rs'),(4,'Oriol Paulo','Mario Casas, Bárbara Lennie, José Coronado, Ana Wagener','Adrián Doria, un joven y exitoso empresario, despierta en la habitación de un hotel junto al cadáver de su amante. Acusado de asesinato, decide contratar los servicios de Virginia Goodman, la mejor preparadora de testigos del país. En el transcurso de una noche, asesora y cliente trabajarán para encontrar una duda razonable que le libre de la cárcel.','https://www.youtube.com/embed/sOxy2gtPY7A'),(5,'Dean Israelite','Bryan Cranston, Elizabeth Banks, Becky G, Dacre Montgomery','Cinco adolescentes deben convertirse en algo extraordinario al enterarse que su pueblo, Angel Grove, y el mundo están a punto de ser aniquilados por una amenaza extraterrestre. Escogidos por el destino, nuestros héroes pronto descubren que son los únicos que pueden salvar el planeta…pero para hacerlo, deberán superar sus problemas de la vida real y, antes que sea demasiado tarde, unirse como los PowerRangers.','https://www.youtube.com/embed/gemUEi0XMTg'),(6,'F. Gary Gray','Dwayne Johnson,Michelle Rodriguez,Charlize Theron,Jason Statham,Vin Diesel','Justo cuando Dom y Letty celebran su luna de miel, Brian y Mia se han retirado del juego y el resto del equipo se ha desintegrado en busca de una vida comun y corriente; una misteriosa mujer intentara seducir a Dom para convencerlo de regresar a la vida criminal que tanto lo acecha, traicionando a quienes lo rodean y enfrentandose a retos nunca antes vistos.','https://www.youtube.com/embed/3KuazYQ1JuE'),(7,'James Gunn','Dave Bautista,Bradley Cooper,Zoe Saldana,Vin Diesel,Chris Pratt','Ambientada en el nuevo contexto sonoro de \"Awesome Mixtape #2\", GUARDIANES DE LA GALAXIA VOL. 2, de Marvel, continua las aventuras del equipo en su travesia por los confines del cosmos. Los Guardianes deberan luchar para mantener unida a su nueva familia mientras intentan resolver el misterio del verdadero linaje de Peter Quill. Viejos rivales se convertiran en nuevos aliados y los personajes favoritos de los comics clasicos acudiran en ayuda de nuestros heroes a medida que el Universo Cinematografico de Marvel continua expandiendose.','https://www.youtube.com/embed/bBTtlcJwjSo');
SET IDENTITY_INSERT MOVIE_DETAILS OFF

SET IDENTITY_INSERT MOVIES ON
INSERT INTO MOVIES (id, title, duration, classification, type, filename, releaseDate, status, detail_id) VALUES (1,'Kong La Isla Calavera',118,'B','ADVENTURE','kong.png','2017-10-20','ACTIVE',1),(2,'Life: Vida Inteligente',104,'B','DRAMA','life.png','2017-10-20','ACTIVE',2),(3,'La Bella y La Bestia',132,'A','ANIMATION','bella.png','2017-10-20','ACTIVE',3),(4,'Contratiempo',106,'B','THRILLER','contratiempo.png','2017-10-22','ACTIVE',4),(5,'Power Rangers',120,'B','ADVENTURE','power-rangers.png','2017-10-22','ACTIVE',5),(7,'Fast & Furious 8',136,'B','ACTION','fast-and-furious8.png','2017-10-24','ACTIVE',6),(8,'Guardianes de la Galaxia Vol 2',136,'B','ACTION','guardianes-galaxia.png','2017-10-24','ACTIVE',7);
SET IDENTITY_INSERT MOVIES OFF

SET IDENTITY_INSERT SHOWTIMES ON
INSERT INTO SHOWTIMES (id, date, time, room, price, movie_id) VALUES (1,'2017-10-25','18:00:00','Premium',55,1),(2,'2017-10-25','18:00:00','Premium',55,3),(3,'2017-10-25','21:00:00','Premium',55,3),(4,'2017-10-25','18:00:00','Premium',65,4),(5,'2017-10-25','21:00:00','Premium',65,4),(6,'2017-10-25','20:00:00','Premium',55,5),(7,'2017-10-25','16:30:00','Premium',60,7),(8,'2017-10-25','15:45:00','Premium',55,8),(9,'2017-10-25','14:00:00','Sala 1',55,1),(10,'2017-10-25','16:00:00','Sala 1',55,1),(11,'2017-10-25','14:00:00','Sala 1',60,2),(12,'2017-10-25','16:00:00','Sala 1',60,2),(13,'2017-10-25','14:00:00','Sala 1',55,3),(14,'2017-10-25','16:00:00','Sala 1',55,3),(15,'2017-10-25','14:00:00','Sala 1',65,4),(16,'2017-10-25','16:00:00','Sala 1',65,4),(17,'2017-10-25','17:00:00','Sala 1',55,5),(18,'2017-10-25','19:00:00','Sala 1',55,5),(19,'2017-10-25','21:00:00','Sala 1',55,5),(20,'2017-10-25','18:45:00','Sala 1',55,8),(21,'2017-10-25','21:45:00','Sala 1',55,8),(22,'2017-10-25','17:00:00','Sala 2',55,3),(23,'2017-10-25','17:00:00','Sala 2',65,4),(24,'2017-10-25','16:00:00','Sala 2',55,5),(25,'2017-10-25','18:30:00','Sala 2',60,7),(26,'2017-10-25','16:00:00','Sala 3',55,3),(27,'2017-10-25','16:00:00','Sala 3',65,4),(28,'2017-10-25','22:00:00','Sala 3',55,5),(29,'2017-10-25','20:45:00','Sala 3',60,7),(30,'2017-10-25','22:20:00','Sala 3',55,8),(31,'2017-10-26','18:00:00','Premium',55,1),(32,'2017-10-26','18:00:00','Premium',55,3),(33,'2017-10-26','21:00:00','Premium',55,3),(34,'2017-10-26','18:00:00','Premium',65,4),(35,'2017-10-26','21:00:00','Premium',65,4),(36,'2017-10-26','14:30:00','Premium',55,8),(37,'2017-10-26','17:00:00','Premium',55,8),(38,'2017-10-26','14:00:00','Sala 1',55,1),(39,'2017-10-26','16:00:00','Sala 1',55,1),(40,'2017-10-26','14:00:00','Sala 1',60,2),(41,'2017-10-26','16:00:00','Sala 1',60,2),(42,'2017-10-26','14:00:00','Sala 1',55,3),(43,'2017-10-26','16:00:00','Sala 1',55,3),(44,'2017-10-26','14:00:00','Sala 1',65,4),(45,'2017-10-26','16:00:00','Sala 1',65,4),(46,'2017-10-26','17:50:00','Sala 1',55,8),(47,'2017-10-26','17:00:00','Sala 2',55,3),(48,'2017-10-26','17:00:00','Sala 2',65,4),(49,'2017-10-26','17:00:00','Sala 2',55,8),(50,'2017-10-26','16:00:00','Sala 3',55,3),(51,'2017-10-26','16:00:00','Sala 3',65,4),(52,'2017-10-26','22:10:00','Sala 3',55,8),(53,'2017-10-27','18:00:00','Premium',55,5),(54,'2017-10-27','21:00:00','Premium',55,5),(55,'2017-10-27','20:00:00','Premium',60,2),(56,'2017-10-27','15:30:00','Premium',55,8),(57,'2017-10-27','14:00:00','Sala 1',55,5),(58,'2017-10-27','16:00:00','Sala 1',55,5),(59,'2017-10-27','17:00:00','Sala 1',60,2),(60,'2017-10-27','19:00:00','Sala 1',60,2),(61,'2017-10-27','21:00:00','Sala 1',60,2),(62,'2017-10-27','20:30:00','Sala 1',55,8),(63,'2017-10-27','13:30:00','Sala 1',60,7),(64,'2017-10-27','17:00:00','Sala 2',55,5),(65,'2017-10-27','16:00:00','Sala 2',60,2),(66,'2017-10-27','17:15:00','Sala 2',55,8),(67,'2017-10-27','13:30:00','Sala 2',60,7),(68,'2017-10-27','18:00:00','Sala 2',60,7),(69,'2017-10-27','21:30:00','Sala 2',60,7),(70,'2017-10-27','16:00:00','Sala 3',55,5),(71,'2017-10-27','22:00:00','Sala 3',60,2),(72,'2017-10-27','17:15:00','Sala 3',55,8),(73,'2017-10-27','14:00:00','Sala 3',60,7),(74,'2017-10-27','22:00:00','Sala 3',60,7),(75,'2017-10-28','22:15:00','Premium',55,5),(76,'2017-10-28','14:30:00','Premium',60,7),(77,'2017-10-28','17:00:00','Premium',60,7),(78,'2017-10-28','11:00:00','Premium',55,8),(79,'2017-10-28','14:30:00','Sala 1',60,7),(80,'2017-10-28','21:30:00','Sala 1',60,7),(81,'2017-10-28','15:30:00','Sala 1',55,8),(82,'2017-10-28','15:30:00','Sala 2',55,5),(83,'2017-10-28','21:30:00','Sala 2',60,7),(84,'2017-10-28','11:00:00','Sala 2',55,8),(85,'2017-10-28','17:55:00','Sala 2',55,8),(86,'2017-10-28','16:40:00','Sala 3',55,5),(87,'2017-10-28','14:30:00','Sala 3',60,7),(88,'2017-10-28','17:00:00','Sala 3',60,7),(89,'2017-10-28','21:30:00','Sala 3',60,7),(90,'2017-10-28','11:00:00','Sala 3',55,8),(91,'2017-10-28','22:10:00','Sala 3',55,8),(92,'2017-10-29','13:30:00','Premium',55,8),(93,'2017-10-29','15:30:00','Premium',55,8),(94,'2017-10-29','17:30:00','Premium',55,8),(95,'2017-10-29','21:00:00','Premium',55,8),(96,'2017-10-29','17:00:00','Premium',60,7),(97,'2017-10-29','20:45:00','Premium',60,7),(98,'2017-10-29','16:15:00','Sala 1',55,8),(99,'2017-10-29','18:30:00','Sala 1',55,8),(100,'2017-10-29','21:30:00','Sala 1',55,8),(101,'2017-10-29','16:15:00','Sala 2',60,7),(102,'2017-10-29','20:15:00','Sala 2',60,7),(103,'2017-10-29','22:50:00','Sala 2',60,7),(104,'2017-10-29','14:40:00','Sala 3',55,8),(105,'2017-10-29','20:10:00','Sala 3',55,8);
SET IDENTITY_INSERT SHOWTIMES OFF

SET IDENTITY_INSERT ROLES ON
INSERT INTO ROLES(id, name) VALUES (1,'EDITOR'),(2,'MANAGER');
SET IDENTITY_INSERT ROLES OFF

SET IDENTITY_INSERT USERS ON
INSERT INTO USERS(id, name, password, status, email, phone) VALUES (1,'marge', '{noop}marge', 'ACTIVE', 'marge@mailinator.com', '555-555-000');
INSERT INTO USERS(id, name, password, status, email, phone) VALUES (2,'homer', '{noop}homer', 'ACTIVE', 'homer@mailinator.com', '555-555-001');
INSERT INTO USERS(id, name, password, status, email, phone) VALUES (3,'lisa', '$2a$10$1UnwGTbEyhkVstHe6la/uOS/gyMY8/8td/.VRdk8ZhOqZ15.gB0I6', 'ACTIVE', 'lisa@mailinator.com', '555-555-002'); --// lisa encrypted with bcrypt
INSERT INTO USERS(id, name, password, status, email, phone) VALUES (4,'bart', '$2a$10$3vzP2SzOVXl7rn/5dvh2j.nk8.Nz/rMoniovDa52HAPLcNtuuWoWC', 'ACTIVE', 'bart@mailinator.com', '555-555-003'); --// bart encrypted with bcrypt
SET IDENTITY_INSERT USERS OFF

SET IDENTITY_INSERT USERS_ROLES ON
INSERT INTO USERS_ROLES(user_id, role_id) VALUES (1, 1);
INSERT INTO USERS_ROLES(user_id, role_id) VALUES (1, 2);
INSERT INTO USERS_ROLES(user_id, role_id) VALUES (2, 1);
INSERT INTO USERS_ROLES(user_id, role_id) VALUES (3, 1);
INSERT INTO USERS_ROLES(user_id, role_id) VALUES (3, 2);
INSERT INTO USERS_ROLES(user_id, role_id) VALUES (4, 1);
SET IDENTITY_INSERT USERS_ROLES OFF